2024-03-05 10:36:02 111mybucket11,,, 
2019-08-06 14:07:17 akash-affinipay-test,,, 
2023-05-31 09:36:36 archive-s3-ap-southeast-1,,, 
2023-05-31 10:07:37 archive-s3-eu-west-2,,, 
2023-10-31 20:15:40 archive-s3-us-west-1,,, 
2024-02-15 17:45:11 aws-aws-demo-s3-v2,,, 
2023-09-29 16:17:32 aws-logs-454143665149-ap-south-1,,, 
2023-08-07 10:38:01 awsautoml,,, 
2023-09-14 12:50:01 caffesqueeznetmodels,,, 
2023-08-23 10:37:03 cf-templates-19tulcym400iw-eu-west-1,,, 
2023-09-29 16:17:44 chatgptbucket123,,, 
2023-02-20 12:12:26 de-on-youtube-analytics-apsouth1,,, 
2023-09-29 16:17:55 dhaval-test-policy,,, 
2024-04-29 10:24:46 ds-iot-app-1,,, 
2020-07-16 02:21:07 efr32-iot-data-store,,, 
2023-09-28 15:38:22 einfochips-web-production,,, 
2023-07-25 19:56:53 hello-serverless-dev-serverlessdeploymentbucket-1wtw2p2eeqoee,,, 
2023-07-25 20:12:36 hello-serverless-prod-serverlessdeploymentbucket-e3can7owrbtb,,, 
2023-10-05 12:25:02 logs-aws-config,,, 
2023-05-05 14:43:35 newtestbucketresize,,, 
2023-05-05 14:45:23 resultbucket,,, 
2024-02-15 17:04:16 s3-madhur-bucket-origin-v2,,, 
2023-08-23 10:58:14 sagemaker-automated-execution-454143665149-ap-south-1,,, 
2024-02-15 18:18:01 saksham-bucket-se,,, 
2023-05-05 14:48:58 siddhant-sam,,, 
2023-03-13 10:06:33 terraform-20190524123327584100000001,,, 
2023-11-30 15:38:36 testchromiumlayer,,, 
2021-10-13 12:42:29 webserver-backup-eic,,, 
